Workbook

Sheet Barberos
B1: BARBERIA | D1: Fecha: | G1: Caja Inicial: | K1: Comisión Barberos(%) | M1: 50
A2: Hora | B2: Nombre | C2: Propi | D2: MP | E2: Hora | F2: Nombre | G2: Propi | H2: MP | I2: Hora | J2: Nombre | K2: Propi | L2: MP | M2: Hora | N2: Nombre | O2: Propi | P2: MP | Q2: Hora | R2: Nombre | S2: Propi | T2: MP | U2: Hora | V2: Nombre | W2: Propi | X2: MP | Y2: Hora | Z2: Nombre | AA2: Propi | AB2: MP | AC2: Hora | AD2: Nombre | AE2: Propi | AF2: MP | AG2: Hora | AH2: Nombre | AI2: Propi | AJ2: MP
B3: Barbero1 | F3: Barbero2 | J3: Barbero3 | N3: Barbero4 | R3: Barbero5 | V3: Barbero6 | Z3: Barbero7 | AD3: Barbero8 | AH3: Barbero9
A35: ="Cantidad Cortes "&B3&": "&COUNT(B4:B34) -> Cantidad Cortes Barbero1: 0 | E35: ="Cantidad Cortes "&F3&": "&COUNT(F4:F34) -> Cantidad Cortes Barbero2: 0 | I35: ="Cantidad Cortes "&J3&": "&COUNT(J4:J34) -> Cantidad Cortes Barbero3: 0 | M35: ="Cantidad Cortes "&N3&": "&COUNT(N4:N34) -> Cantidad Cortes Barbero4: 0 | Q35: ="Cantidad Cortes "&R3&": "&COUNT(R4:R34) -> Cantidad Cortes Barbero5: 0 | U35: ="Cantidad Cortes "&V3&": "&COUNT(V4:V34) -> Cantidad Cortes Barbero6: 0 | Y35: ="Cantidad Cortes "&Z3&": "&COUNT(Z4:Z34) -> Cantidad Cortes Barbero7: 0 | AC35: ="Cantidad Cortes "&AD3&": "&COUNT(AD4:AD34) -> Cantidad Cortes Barbero8: 0 | AG35: ="Cantidad Cortes "&AH3&": "&COUNT(AH4:AH34) -> Cantidad Cortes Barbero9: 0
A36: ="Total Cortes "&B3&":"&TEXT(INT(SUM(B4:B34)*($M$1/100)),"$#.##0") -> Total Cortes Barbero1:$0 | E36: ="Total Cortes "&F3&":"&TEXT(INT(SUM(F4:F34)*$M$1/100),"$#.##0") -> Total Cortes Barbero2:$0 | I36: ="Total Cortes "&J3&":"&TEXT(INT(SUM(J4:J34)*$M$1/100),"$#.##0") -> Total Cortes Barbero3:$0 | M36: ="Total Cortes "&N3&":"&TEXT(INT(SUM(N4:N34)*$M$1/100),"$#.##0") -> Total Cortes Barbero4:$0 | Q36: ="Total Cortes "&R3&":"&TEXT(INT(SUM(R4:R34)*$M$1/100),"$#.##0") -> Total Cortes Barbero5:$0 | U36: ="Total Cortes "&V3&":"&TEXT(INT(SUM(V4:V34)*$M$1/100),"$#.##0") -> Total Cortes Barbero6:$0 | Y36: ="Total Cortes "&Z3&":"&TEXT(INT(SUM(Z4:Z34)*$M$1/100),"$#.##0") -> Total Cortes Barbero7:$0 | AC36: ="Total Cortes "&AD3&":"&TEXT(INT(SUM(AD4:AD34)*$M$1/100),"$#.##0") -> Total Cortes Barbero8:$0 | AG36: ="Total Cortes "&AH3&":"&TEXT(INT(SUM(AH4:AH34)*$M$1/100),"$#.##0") -> Total Cortes Barbero9:$0
A37: ="Total Propinas "&B3&":"&TEXT(SUM(C4:C34),"$#.##0") -> Total Propinas Barbero1:$0 | E37: ="Total Propinas "&F3&":"&TEXT(SUM(G4:G34),"$#.##0") -> Total Propinas Barbero2:$0 | I37: ="Total Propinas "&J3&":"&TEXT(SUM(K4:K34),"$#.##0") -> Total Propinas Barbero3:$0 | M37: ="Total Propinas "&N3&":"&TEXT(SUM(O4:O34),"$#.##0") -> Total Propinas Barbero4:$0 | Q37: ="Total Propinas "&R3&":"&TEXT(SUM(S4:S34),"$#.##0") -> Total Propinas Barbero5:$0 | U37: ="Total Propinas "&V3&":"&TEXT(SUM(W4:W34),"$#.##0") -> Total Propinas Barbero6:$0 | Y37: ="Total Propinas "&Z3&":"&TEXT(SUM(AA4:AA34),"$#.##0") -> Total Propinas Barbero7:$0 | AC37: ="Total Propinas "&AD3&":"&TEXT(SUM(AE4:AE34),"$#.##0") -> Total Propinas Barbero8:$0 | AG37: ="Total Propinas "&AH3&":"&TEXT(SUM(AI4:AI34),"$#.##0") -> Total Propinas Barbero9:$0
A38: ="Adelanto "&B$3&":"&TEXT(SUMIF(AdelantosVentas!$A$21:$A$35,"="&B$3,AdelantosVentas!$B$21:$B$35),"$#.##0") -> Adelanto Barbero1:$0 | E38: ="Adelanto "&F$3&":"&TEXT(SUMIF(AdelantosVentas!$A$21:$A$35,"="&F$3,AdelantosVentas!$B$21:$B$35),"$#.##0") -> Adelanto Barbero2:$0 | I38: ="Adelanto "&J$3&":"&TEXT(SUMIF(AdelantosVentas!$A$21:$A$35,"="&J$3,AdelantosVentas!$B$21:$B$35),"$#.##0") -> Adelanto Barbero3:$0 | M38: ="Adelanto "&N$3&":"&TEXT(SUMIF(AdelantosVentas!$A$21:$A$35,"="&N$3,AdelantosVentas!$B$21:$B$35),"$#.##0") -> Adelanto Barbero4:$0 | Q38: ="Adelanto "&R$3&":"&TEXT(SUMIF(AdelantosVentas!$A$21:$A$35,"="&R$3,AdelantosVentas!$B$21:$B$35),"$#.##0") -> Adelanto Barbero5:$0 | U38: ="Adelanto "&V$3&":"&TEXT(SUMIF(AdelantosVentas!$A$21:$A$35,"="&V$3,AdelantosVentas!$B$21:$B$35),"$#.##0") -> Adelanto Barbero6:$0 | Y38: ="Adelanto "&Z$3&":"&TEXT(SUMIF(AdelantosVentas!$A$21:$A$35,"="&Z$3,AdelantosVentas!$B$21:$B$35),"$#.##0") -> Adelanto Barbero7:$0 | AC38: ="Adelanto "&AD$3&":"&TEXT(SUMIF(AdelantosVentas!$A$21:$A$35,"="&AD$3,AdelantosVentas!$B$21:$B$35),"$#.##0") -> Adelanto Barbero8:$0 | AG38: ="Adelanto "&AH$3&":"&TEXT(SUMIF(AdelantosVentas!$A$21:$A$35,"="&AH$3,AdelantosVentas!$B$21:$B$35),"$#.##0") -> Adelanto Barbero9:$0
A39: ="Total "&B$3&":"&TEXT(VALUE(INT(SUM(B4:B34)*$M$1/100)+SUM(C4:C34)-SUMIF(AdelantosVentas!$A$21:$A$35,"="&B$3,AdelantosVentas!$B$21:$B$35)),"$#.##0") -> Total Barbero1:$0 | E39: ="Total "&F$3&":"&TEXT(VALUE(INT(SUM(F4:F34)*$M$1/100)+SUM(G4:G34)-SUMIF(AdelantosVentas!$A$21:$A$35,"="&F$3,AdelantosVentas!$B$21:$B$35)),"$#.##0") -> Total Barbero2:$0 | I39: ="Total "&J$3&":"&TEXT(VALUE(INT(SUM(J4:J34)*$M$1/100)+SUM(K4:K34)-SUMIF(AdelantosVentas!$A$21:$A$35,"="&J$3,AdelantosVentas!$B$21:$B$35)),"$#.##0") -> Total Barbero3:$0 | M39: ="Total "&N$3&":"&TEXT(VALUE(INT(SUM(N4:N34)*$M$1/100)+SUM(O4:O34)-SUMIF(AdelantosVentas!$A$21:$A$35,"="&N$3,AdelantosVentas!$B$21:$B$35)),"$#.##0") -> Total Barbero4:$0 | Q39: ="Total "&R$3&":"&TEXT(VALUE(INT(SUM(R4:R34)*$M$1/100)+SUM(S4:S34)-SUMIF(AdelantosVentas!$A$21:$A$35,"="&R$3,AdelantosVentas!$B$21:$B$35)),"$#.##0") -> Total Barbero5:$0 | U39: ="Total "&V$3&":"&TEXT(VALUE(INT(SUM(V4:V34)*$M$1/100)+SUM(W4:W34)-SUMIF(AdelantosVentas!$A$21:$A$35,"="&V$3,AdelantosVentas!$B$21:$B$35)),"$#.##0") -> Total Barbero6:$0 | Y39: ="Total "&Z$3&":"&TEXT(VALUE(INT(SUM(Z4:Z34)*$M$1/100)+SUM(AA4:AA34)-SUMIF(AdelantosVentas!$A$21:$A$35,"="&Z$3,AdelantosVentas!$B$21:$B$35)),"$#.##0") -> Total Barbero7:$0 | AC39: ="Total "&AD$3&":"&TEXT(VALUE(INT(SUM(AD4:AD34)*$M$1/100)+SUM(AE4:AE34)-SUMIF(AdelantosVentas!$A$21:$A$35,"="&AD$3,AdelantosVentas!$B$21:$B$35)),"$#.##0") -> Total Barbero8:$0 | AG39: ="Total "&AH$3&":"&TEXT(VALUE(INT(SUM(AH4:AH34)*$M$1/100)+SUM(AI4:AI34)-SUMIF(AdelantosVentas!$A$21:$A$35,"="&AH$3,AdelantosVentas!$B$21:$B$35)),"$#.##0") -> Total Barbero9:$0
B40: {="Total Caja: " & TEXT(SUM(_xlfn._xlws.FILTER(B4:B34,ISBLANK(D4:D34)),_xlfn._xlws.FILTER(F4:F34,ISBLANK(H4:H34)),_xlfn._xlws.FILTER(J4:J34,ISBLANK(L4:L34)),_xlfn._xlws.FILTER(N4:N34,ISBLANK(P4:P34)),_xlfn._xlws.FILTER(R4:R34,ISBLANK(T4:T34)),_xlfn._xlws.FILTER(V4:V34,ISBLANK(X4:X34)),_xlfn._xlws.FILTER(Z4:Z34,ISBLANK(AB4:AB34)),_xlfn._xlws.FILTER(AD4:AD34,ISBLANK(AF4:AF34)),_xlfn._xlws.FILTER(AH4:AH34,ISBLANK(AJ4:AJ34)),AdelantosVentas!G36)-AdelantosVentas!B36+SUM(_xlfn._xlws.FILTER(C4:C34,ISBLANK(D4:D34)),_xlfn._xlws.FILTER(G4:G34,ISBLANK(H4:H34)),_xlfn._xlws.FILTER(K4:K34,ISBLANK(L4:L34)),_xlfn._xlws.FILTER(O4:O34,ISBLANK(P4:P34)),_xlfn._xlws.FILTER(S4:S34,ISBLANK(T4:T34)),_xlfn._xlws.FILTER(W4:W34,ISBLANK(X4:X34)),_xlfn._xlws.FILTER(AA4:AA34,ISBLANK(AB4:AB34)),_xlfn._xlws.FILTER(AE4:AE34,ISBLANK(AF4:AF34)),_xlfn._xlws.FILTER(AI4:AI34,ISBLANK(AJ4:AJ34))) + I1,"$#.##0")} -> Total Caja: $0 | F40: {="Total MP: " & TEXT(SUM(_xlfn._xlws.FILTER(B4:B36,D4:D36="X",0),_xlfn._xlws.FILTER(F4:F34,H4:H34="X",0),_xlfn._xlws.FILTER(J4:J34,L4:L34="X",0),_xlfn._xlws.FILTER(N4:N34,P4:P34="X",0),_xlfn._xlws.FILTER(R4:R34,T4:T34="X",0),_xlfn._xlws.FILTER(V4:V34,X4:X34="X",0),_xlfn._xlws.FILTER(Z4:Z34,AB4:AB34="X",0),_xlfn._xlws.FILTER(AD4:AD34,AF4:AF34="X",0),_xlfn._xlws.FILTER(AH4:AH34,AJ4:AJ34="X",0),AdelantosVentas!H36) + SUM(_xlfn._xlws.FILTER(C4:C36,D4:D36="X",0),_xlfn._xlws.FILTER(G4:G34,H4:H34="X",0),_xlfn._xlws.FILTER(K4:K34,L4:L34="X",0),_xlfn._xlws.FILTER(O4:O34,P4:P34="X",0),_xlfn._xlws.FILTER(S4:S34,T4:T34="X",0),_xlfn._xlws.FILTER(W4:W34,X4:X34="X",0),_xlfn._xlws.FILTER(AA4:AA34,AB4:AB34="X",0),_xlfn._xlws.FILTER(AE4:AE34,AF4:AF34="X",0),_xlfn._xlws.FILTER(AI4:AI34,AJ4:AJ34="X",0))-AdelantosVentas!C36-IF(D39="X",INT(REPLACE(A39,1,8+LEN(B3),"")),0)-IF(H39="X",INT(REPLACE(E39,1,8+LEN(F3),"")),0)-IF(L39="X",INT(REPLACE(I39,1,8+LEN(J3),"")),0)-IF(P39="X",INT(REPLACE(M39,1,8+LEN(N3),"")),0)-IF(T39="X",INT(REPLACE(Q39,1,8+LEN(R3),"")),0)-IF(X39="X",INT(REPLACE(U39,1,8+LEN(V3),"")),0)-IF(AB39="X",INT(REPLACE(Y39,1,8+LEN(Z3),"")),0)-IF(AF39="X",INT(REPLACE(AC39,1,8+LEN(AD3),"")),0)-IF(AJ39="X",INT(REPLACE(AG39,1,8+LEN(H3),"")),0),"$#.##0")} -> Total MP: $0 | I40: Retiro: | M40: ="Cantidad cortes: "&COUNTIF(B4:B36,">0" )+COUNTIF(F4:F34,">0" )+COUNTIF(J4:J34,">0" )+COUNTIF(N4:N34,">0" )+COUNTIF(R4:R34,">0" )+COUNTIF(V4:V34,">0" )+COUNTIF(Z4:Z34,">0" )+COUNTIF(AD4:AD34,">0" )+COUNTIF(AH4:AH34,">0" )&"" -> Cantidad cortes: 0 | P40: Aclaracion:

Sheet AdelantosVentas
A1: Salida de caja | F1: Ventas
A2: Motivo | B2: Importe | C2: MP | F2: Producto | G2: Importe | H2: MP
A19: Adelantos
A20: Nombre | B20: Importe | C20: MP
A21: =Barberos!B$3 -> Barbero1
A22: =Barberos!F$3 -> Barbero2
A23: =Barberos!J$3 -> Barbero3
A24: =Barberos!N$3 -> Barbero4
A25: =Barberos!R$3 -> Barbero5
A26: =Barberos!V$3 -> Barbero6
A27: =Barberos!Z$3 -> Barbero7
A28: =Barberos!AD$3 -> Barbero8
A29: =Barberos!AH$3 -> Barbero9
B35: EFECTIVO | C35: MP | G35: EFECTIVO | H35: MP
A36: TOTAL | B36: =SUMIF(C3:C34,"=",B3:B34) -> 0 | C36: =SUMIF(C3:C34,"=x",B3:B34) -> 0 | F36: TOTAL | G36: =SUMIF(H3:H34,"=",G3:G34) -> 0 | H36: =SUMIF(H3:H34,"=x",G3:G34) -> 0
